[
    {
        "id": "book0",
        "title": "Julie Fortune - Sacrifice Moon",
        "author": "Julie Fortune",
        "description": "An intriguing exploration of the uncharted worlds.",
        "year": "2005",
        "image": "book_cover_1.png",
        "planet": "P3X-8596"
    },
    {
        "id": "book1",
        "title": "Sonny Whitelaw - City of the Gods",
        "author": "Sonny Whitelaw",
        "description": "A detailed account of ancient deities and their influence on local populations.",
        "year": "2007",
        "image": "book_cover_2.png",
        "planet": "P8X-412"
    },
    {
        "id": "book2",
        "title": "Suzanne Wood - Barque of Heaven",
        "author": "Suzanne Wood",
        "description": "An epic narrative focusing on celestial myths.",
        "year": "2003",
        "image": "book_cover_3.png",
        "planet": "P3R-272"
    },
    {
        "id": "book3",
        "title": "Tim Waggoner - Valhalla",
        "author": "Tim Waggoner",
        "description": "Discover the legends of the Norse gods and their warriors.",
        "year": "2010",
        "image": "book_cover_4.png",
        "planet": "P2X-338"
    },
    {
        "id": "book4",
        "title": "Amy Griswold - Heart's Desire",
        "author": "Amy Griswold",
        "description": "A story of ambition, magic, and destiny.",
        "year": "2012",
        "image": "book_cover_5.png",
        "planet": "P4X-639"
    },
    {
        "id": "book5",
        "title": "Geonn Cannon - Female of the Species",
        "author": "Geonn Cannon",
        "description": "A gripping tale of adventure and discovery.",
        "year": "2008",
        "image": "book_cover_6.png",
        "planet": "P2C-106"
    }
]
