[{"username":"admin","password":"$2y$10$e0MYzXyjpJS7Pd0RVvHwHeFMavCSnjp1I1lFkHs2RJGA.JT0wf4F2","email":"admin@example.com","is_admin":true},{"username":"john_doe","password":"$2y$10$E1rSh5Q0F8bJsZLrfKb9EOTZ4vhErqULBmIKr5B.bW6ug8CJQFwM2","email":"john@example.com","is_admin":false},{"username":"jane_smith","password":"$2y$10$R.hJ2FI.eJsBhZ8Y5wEDOeW8V6PAnQ5ZOjTUdFu2nL1aP.L3vLZuq","email":"jane@example.com","is_admin":false},{"username":"aaa","email":"aaa@gmail.com","password":"$2y$10$B.Cq61Pj.Lz01t9WUUjlNOty9gpfsvA86CBThuyLHqN45E28Lc8\/y","is_admin":false},{"username":"Abrar Ahmed","email":"abrarahmedpei@gmail.com","password":"$2y$10$RylAti\/VHmijatILsDG79emrLk2ttUNZn2CzvIFjJRXb3kqwAtg9u","is_admin":false}]